dataSetIndex,algo_index,query_nums,time
0,0,1,181
0,0,2,166
0,0,3,156
0,0,4,149
0,0,5,150
0,0,6,146
0,0,7,147
0,0,8,151
0,0,9,154
0,0,10,168
0,0,11,171
0,0,12,186
0,0,13,174
0,0,14,151
0,0,15,169
0,0,16,154
0,0,17,147
0,0,18,145
0,0,19,148
0,0,20,155
0,0,21,147
0,0,22,164
0,0,23,149
0,0,24,153
0,0,25,154
0,0,26,155
0,0,27,159
0,0,28,162
0,0,29,155
0,0,30,181
0,0,31,135
0,0,32,147
0,0,33,108
0,0,34,114
0,0,35,99
0,0,36,97
0,0,37,94
0,0,38,92
0,0,39,108
0,0,40,90
0,0,41,91
0,0,42,92
0,0,43,90
0,0,44,102
0,0,45,101
0,0,46,99
0,0,47,100
0,0,48,122
0,0,49,103
0,0,50,94
0,0,51,92
0,0,52,93
0,0,53,112
0,0,54,90
0,0,55,90
0,0,56,93
0,0,57,94
0,0,58,91
0,0,59,96
0,0,60,91
0,0,61,90
0,0,62,103
0,0,63,91
0,0,64,91
0,0,65,98
0,0,66,132
0,0,67,91
0,0,68,97
0,0,69,97
0,0,70,94
0,0,71,110
0,0,72,92
0,0,73,134
0,0,74,89
0,0,75,92
0,0,76,91
0,0,77,92
0,0,78,91
0,0,79,92
0,0,80,105
0,0,81,120
0,0,82,93
0,0,83,91
0,0,84,92
0,0,85,96
0,0,86,97
0,0,87,89
0,0,88,124
0,0,89,105
0,0,90,96
0,0,91,103
0,0,92,99
0,0,93,106
0,0,94,97
0,0,95,93
0,0,96,91
0,0,97,91
0,0,98,93
0,0,99,91
0,0,100,91
0,0,101,104
0,0,102,93
0,0,103,96
0,0,104,91
0,0,105,92
0,0,106,90
0,0,107,90
0,0,108,91
0,0,109,97
0,0,110,99
0,0,111,96
0,0,112,90
0,0,113,91
0,0,114,98
0,0,115,103
0,0,116,104
0,0,117,101
0,0,118,93
0,0,119,89
0,0,120,92
0,0,121,136
0,0,122,112
0,0,123,93
0,0,124,91
0,0,125,103
0,0,126,92
0,0,127,93
0,0,128,95
0,0,129,91
0,0,130,90
0,0,131,91
0,0,132,93
0,0,133,104
0,0,134,90
0,0,135,90
0,0,136,95
0,0,137,96
0,0,138,97
0,0,139,122
0,0,140,100
0,0,141,89
0,0,142,88
0,0,143,100
0,0,144,122
0,0,145,95
0,0,146,91
0,0,147,91
0,0,148,93
0,0,149,91
0,0,150,92
0,0,151,91
0,0,152,92
0,0,153,91
0,0,154,137
0,0,155,90
0,0,156,117
0,0,157,91
0,0,158,96
0,0,159,110
0,0,160,101
0,0,161,110
0,0,162,114
0,0,163,95
0,0,164,110
0,0,165,91
0,0,166,94
0,0,167,91
0,0,168,94
0,0,169,118
0,0,170,83
0,0,171,123
0,0,172,83
0,0,173,86
0,0,174,86
0,0,175,96
0,0,176,86
0,0,177,86
0,0,178,84
0,0,179,87
0,0,180,114
0,0,181,84
0,0,182,83
0,0,183,90
0,0,184,97
0,0,185,111
0,0,186,96
0,0,187,91
0,0,188,92
0,0,189,91
0,0,190,90
0,0,191,84
0,0,192,85
0,0,193,85
0,0,194,85
0,0,195,85
0,0,196,89
0,0,197,115
0,0,198,84
0,0,199,101
0,0,200,84
0,1,1,66
0,1,2,70
0,1,3,54
0,1,4,49
0,1,5,52
0,1,6,51
0,1,7,54
0,1,8,51
0,1,9,50
0,1,10,55
0,1,11,51
0,1,12,49
0,1,13,55
0,1,14,60
0,1,15,50
0,1,16,52
0,1,17,49
0,1,18,52
0,1,19,52
0,1,20,82
0,1,21,53
0,1,22,50
0,1,23,51
0,1,24,50
0,1,25,50
0,1,26,49
0,1,27,61
0,1,28,71
0,1,29,62
0,1,30,48
0,1,31,50
0,1,32,51
0,1,33,52
0,1,34,49
0,1,35,52
0,1,36,60
0,1,37,67
0,1,38,58
0,1,39,57
0,1,40,50
0,1,41,50
0,1,42,50
0,1,43,49
0,1,44,49
0,1,45,49
0,1,46,50
0,1,47,51
0,1,48,51
0,1,49,49
0,1,50,50
0,1,51,52
0,1,52,50
0,1,53,52
0,1,54,66
0,1,55,49
0,1,56,53
0,1,57,49
0,1,58,50
0,1,59,51
0,1,60,51
0,1,61,49
0,1,62,49
0,1,63,50
0,1,64,51
0,1,65,51
0,1,66,50
0,1,67,53
0,1,68,49
0,1,69,71
0,1,70,48
0,1,71,66
0,1,72,50
0,1,73,50
0,1,74,53
0,1,75,50
0,1,76,52
0,1,77,70
0,1,78,66
0,1,79,63
0,1,80,52
0,1,81,55
0,1,82,58
0,1,83,52
0,1,84,49
0,1,85,68
0,1,86,49
0,1,87,48
0,1,88,49
0,1,89,48
0,1,90,49
0,1,91,53
0,1,92,49
0,1,93,53
0,1,94,51
0,1,95,58
0,1,96,63
0,1,97,49
0,1,98,48
0,1,99,49
0,1,100,48
0,1,101,51
0,1,102,49
0,1,103,48
0,1,104,49
0,1,105,84
0,1,106,62
0,1,107,50
0,1,108,51
0,1,109,49
0,1,110,54
0,1,111,51
0,1,112,51
0,1,113,51
0,1,114,52
0,1,115,73
0,1,116,57
0,1,117,81
0,1,118,70
0,1,119,59
0,1,120,57
0,1,121,54
0,1,122,50
0,1,123,49
0,1,124,55
0,1,125,48
0,1,126,51
0,1,127,49
0,1,128,49
0,1,129,51
0,1,130,50
0,1,131,50
0,1,132,65
0,1,133,53
0,1,134,53
0,1,135,51
0,1,136,49
0,1,137,50
0,1,138,50
0,1,139,49
0,1,140,50
0,1,141,50
0,1,142,60
0,1,143,62
0,1,144,53
0,1,145,48
0,1,146,50
0,1,147,51
0,1,148,51
0,1,149,51
0,1,150,50
0,1,151,64
0,1,152,62
0,1,153,51
0,1,154,50
0,1,155,49
0,1,156,50
0,1,157,82
0,1,158,45
0,1,159,44
0,1,160,46
0,1,161,60
0,1,162,54
0,1,163,46
0,1,164,49
0,1,165,47
0,1,166,45
0,1,167,43
0,1,168,44
0,1,169,48
0,1,170,47
0,1,171,59
0,1,172,44
0,1,173,44
0,1,174,44
0,1,175,45
0,1,176,45
0,1,177,45
0,1,178,46
0,1,179,46
0,1,180,44
0,1,181,45
0,1,182,68
0,1,183,45
0,1,184,44
0,1,185,44
0,1,186,44
0,1,187,47
0,1,188,45
0,1,189,44
0,1,190,44
0,1,191,46
0,1,192,46
0,1,193,66
0,1,194,43
0,1,195,44
0,1,196,45
0,1,197,44
0,1,198,44
0,1,199,46
0,1,200,44
0,2,1,72
0,2,2,63
0,2,3,52
0,2,4,51
0,2,5,49
0,2,6,52
0,2,7,51
0,2,8,52
0,2,9,49
0,2,10,52
0,2,11,51
0,2,12,49
0,2,13,48
0,2,14,49
0,2,15,49
0,2,16,51
0,2,17,50
0,2,18,66
0,2,19,49
0,2,20,48
0,2,21,49
0,2,22,49
0,2,23,52
0,2,24,50
0,2,25,49
0,2,26,51
0,2,27,93
0,2,28,54
0,2,29,49
0,2,30,49
0,2,31,50
0,2,32,49
0,2,33,51
0,2,34,56
0,2,35,57
0,2,36,60
0,2,37,60
0,2,38,53
0,2,39,56
0,2,40,52
0,2,41,52
0,2,42,54
0,2,43,49
0,2,44,48
0,2,45,50
0,2,46,51
0,2,47,50
0,2,48,49
0,2,49,50
0,2,50,49
0,2,51,50
0,2,52,51
0,2,53,49
0,2,54,50
0,2,55,50
0,2,56,66
0,2,57,48
0,2,58,48
0,2,59,49
0,2,60,78
0,2,61,103
0,2,62,48
0,2,63,49
0,2,64,50
0,2,65,51
0,2,66,49
0,2,67,49
0,2,68,49
0,2,69,49
0,2,70,49
0,2,71,50
0,2,72,59
0,2,73,57
0,2,74,51
0,2,75,51
0,2,76,49
0,2,77,57
0,2,78,58
0,2,79,56
0,2,80,52
0,2,81,54
0,2,82,51
0,2,83,52
0,2,84,54
0,2,85,48
0,2,86,49
0,2,87,49
0,2,88,48
0,2,89,50
0,2,90,73
0,2,91,71
0,2,92,49
0,2,93,50
0,2,94,49
0,2,95,48
0,2,96,50
0,2,97,50
0,2,98,49
0,2,99,49
0,2,100,49
0,2,101,49
0,2,102,56
0,2,103,64
0,2,104,48
0,2,105,49
0,2,106,51
0,2,107,50
0,2,108,51
0,2,109,50
0,2,110,49
0,2,111,49
0,2,112,50
0,2,113,68
0,2,114,49
0,2,115,51
0,2,116,50
0,2,117,51
0,2,118,49
0,2,119,57
0,2,120,67
0,2,121,65
0,2,122,52
0,2,123,53
0,2,124,54
0,2,125,52
0,2,126,57
0,2,127,52
0,2,128,49
0,2,129,49
0,2,130,49
0,2,131,50
0,2,132,49
0,2,133,52
0,2,134,50
0,2,135,51
0,2,136,51
0,2,137,49
0,2,138,49
0,2,139,49
0,2,140,93
0,2,141,68
0,2,142,49
0,2,143,48
0,2,144,51
0,2,145,50
0,2,146,50
0,2,147,50
0,2,148,61
0,2,149,66
0,2,150,58
0,2,151,48
0,2,152,49
0,2,153,51
0,2,154,51
0,2,155,50
0,2,156,52
0,2,157,50
0,2,158,61
0,2,159,57
0,2,160,48
0,2,161,62
0,2,162,58
0,2,163,49
0,2,164,50
0,2,165,51
0,2,166,54
0,2,167,50
0,2,168,56
0,2,169,53
0,2,170,49
0,2,171,48
0,2,172,48
0,2,173,49
0,2,174,49
0,2,175,50
0,2,176,51
0,2,177,49
0,2,178,60
0,2,179,52
0,2,180,49
0,2,181,48
0,2,182,49
0,2,183,51
0,2,184,51
0,2,185,49
0,2,186,50
0,2,187,50
0,2,188,54
0,2,189,51
0,2,190,52
0,2,191,50
0,2,192,50
0,2,193,52
0,2,194,50
0,2,195,49
0,2,196,70
0,2,197,70
0,2,198,58
0,2,199,48
0,2,200,49
0,3,1,94
0,3,2,110
0,3,3,85
0,3,4,89
0,3,5,122
0,3,6,96
0,3,7,72
0,3,8,96
0,3,9,78
0,3,10,96
0,3,11,81
0,3,12,82
0,3,13,77
0,3,14,86
0,3,15,96
0,3,16,73
0,3,17,61
0,3,18,57
0,3,19,115
0,3,20,70
0,3,21,81
0,3,22,82
0,3,23,93
0,3,24,82
0,3,25,46
0,3,26,47
0,3,27,44
0,3,28,43
0,3,29,43
0,3,30,43
0,3,31,127
0,3,32,87
0,3,33,45
0,3,34,57
0,3,35,68
0,3,36,65
0,3,37,72
0,3,38,70
0,3,39,42
0,3,40,36
0,3,41,96
0,3,42,42
0,3,43,43
0,3,44,32
0,3,45,37
0,3,46,63
0,3,47,64
0,3,48,35
0,3,49,55
0,3,50,65
0,3,51,62
0,3,52,63
0,3,53,54
0,3,54,39
0,3,55,35
0,3,56,47
0,3,57,47
0,3,58,42
0,3,59,37
0,3,60,46
0,3,61,33
0,3,62,32
0,3,63,49
0,3,64,46
0,3,65,43
0,3,66,45
0,3,67,43
0,3,68,42
0,3,69,41
0,3,70,37
0,3,71,54
0,3,72,38
0,3,73,45
0,3,74,36
0,3,75,37
0,3,76,37
0,3,77,35
0,3,78,34
0,3,79,35
0,3,80,35
0,3,81,33
0,3,82,59
0,3,83,63
0,3,84,102
0,3,85,46
0,3,86,56
0,3,87,38
0,3,88,54
0,3,89,53
0,3,90,85
0,3,91,44
0,3,92,45
0,3,93,40
0,3,94,35
0,3,95,35
0,3,96,61
0,3,97,30
0,3,98,43
0,3,99,43
0,3,100,28
0,3,101,28
0,3,102,32
0,3,103,30
0,3,104,32
0,3,105,55
0,3,106,31
0,3,107,36
0,3,108,79
0,3,109,56
0,3,110,75
0,3,111,68
0,3,112,62
0,3,113,79
0,3,114,35
0,3,115,35
0,3,116,39
0,3,117,34
0,3,118,38
0,3,119,55
0,3,120,31
0,3,121,36
0,3,122,29
0,3,123,41
0,3,124,66
0,3,125,29
0,3,126,33
0,3,127,51
0,3,128,31
0,3,129,35
0,3,130,51
0,3,131,59
0,3,132,69
0,3,133,61
0,3,134,63
0,3,135,53
0,3,136,62
0,3,137,66
0,3,138,28
0,3,139,35
0,3,140,55
0,3,141,30
0,3,142,33
0,3,143,70
0,3,144,58
0,3,145,31
0,3,146,58
0,3,147,31
0,3,148,58
0,3,149,57
0,3,150,32
0,3,151,32
0,3,152,59
0,3,153,61
0,3,154,73
0,3,155,33
0,3,156,63
0,3,157,59
0,3,158,57
0,3,159,61
0,3,160,66
0,3,161,39
0,3,162,66
0,3,163,68
0,3,164,60
0,3,165,61
0,3,166,65
0,3,167,31
0,3,168,61
0,3,169,62
0,3,170,71
0,3,171,58
0,3,172,49
0,3,173,58
0,3,174,58
0,3,175,57
0,3,176,80
0,3,177,62
0,3,178,52
0,3,179,37
0,3,180,30
0,3,181,36
0,3,182,35
0,3,183,35
0,3,184,35
0,3,185,62
0,3,186,49
0,3,187,58
0,3,188,42
0,3,189,31
0,3,190,39
0,3,191,32
0,3,192,43
0,3,193,58
0,3,194,41
0,3,195,32
0,3,196,56
0,3,197,78
0,3,198,47
0,3,199,42
0,3,200,40
0,4,1,55
0,4,2,70
0,4,3,45
0,4,4,44
0,4,5,58
0,4,6,48
0,4,7,61
0,4,8,64
0,4,9,46
0,4,10,48
0,4,11,57
0,4,12,44
0,4,13,46
0,4,14,45
0,4,15,46
0,4,16,46
0,4,17,45
0,4,18,54
0,4,19,50
0,4,20,45
0,4,21,47
0,4,22,58
0,4,23,54
0,4,24,53
0,4,25,45
0,4,26,47
0,4,27,45
0,4,28,43
0,4,29,42
0,4,30,47
0,4,31,68
0,4,32,47
0,4,33,46
0,4,34,59
0,4,35,77
0,4,36,60
0,4,37,55
0,4,38,54
0,4,39,53
0,4,40,53
0,4,41,49
0,4,42,53
0,4,43,50
0,4,44,49
0,4,45,51
0,4,46,51
0,4,47,48
0,4,48,50
0,4,49,47
0,4,50,50
0,4,51,52
0,4,52,49
0,4,53,50
0,4,54,46
0,4,55,54
0,4,56,53
0,4,57,57
0,4,58,49
0,4,59,53
0,4,60,48
0,4,61,48
0,4,62,53
0,4,63,53
0,4,64,50
0,4,65,63
0,4,66,52
0,4,67,46
0,4,68,75
0,4,69,46
0,4,70,45
0,4,71,47
0,4,72,47
0,4,73,68
0,4,74,46
0,4,75,47
0,4,76,46
0,4,77,46
0,4,78,46
0,4,79,47
0,4,80,50
0,4,81,54
0,4,82,54
0,4,83,54
0,4,84,50
0,4,85,47
0,4,86,47
0,4,87,47
0,4,88,52
0,4,89,54
0,4,90,51
0,4,91,54
0,4,92,58
0,4,93,49
0,4,94,49
0,4,95,51
0,4,96,53
0,4,97,50
0,4,98,48
0,4,99,47
0,4,100,58
0,4,101,58
0,4,102,70
0,4,103,70
0,4,104,53
0,4,105,47
0,4,106,47
0,4,107,48
0,4,108,59
0,4,109,57
0,4,110,53
0,4,111,49
0,4,112,50
0,4,113,48
0,4,114,51
0,4,115,57
0,4,116,47
0,4,117,47
0,4,118,47
0,4,119,50
0,4,120,60
0,4,121,46
0,4,122,48
0,4,123,50
0,4,124,55
0,4,125,46
0,4,126,54
0,4,127,48
0,4,128,46
0,4,129,47
0,4,130,50
0,4,131,51
0,4,132,57
0,4,133,57
0,4,134,48
0,4,135,46
0,4,136,47
0,4,137,49
0,4,138,46
0,4,139,57
0,4,140,63
0,4,141,56
0,4,142,47
0,4,143,67
0,4,144,106
0,4,145,47
0,4,146,48
0,4,147,47
0,4,148,59
0,4,149,52
0,4,150,64
0,4,151,57
0,4,152,50
0,4,153,48
0,4,154,50
0,4,155,47
0,4,156,47
0,4,157,61
0,4,158,59
0,4,159,50
0,4,160,49
0,4,161,54
0,4,162,49
0,4,163,74
0,4,164,76
0,4,165,57
0,4,166,57
0,4,167,56
0,4,168,50
0,4,169,66
0,4,170,53
0,4,171,47
0,4,172,48
0,4,173,50
0,4,174,48
0,4,175,62
0,4,176,49
0,4,177,50
0,4,178,48
0,4,179,47
0,4,180,47
0,4,181,61
0,4,182,62
0,4,183,49
0,4,184,48
0,4,185,48
0,4,186,51
0,4,187,50
0,4,188,48
0,4,189,52
0,4,190,50
0,4,191,62
0,4,192,57
0,4,193,60
0,4,194,50
0,4,195,51
0,4,196,49
0,4,197,76
0,4,198,114
0,4,199,49
0,4,200,48
0,5,1,52
0,5,2,49
0,5,3,46
0,5,4,69
0,5,5,44
0,5,6,47
0,5,7,42
0,5,8,44
0,5,9,53
0,5,10,63
0,5,11,42
0,5,12,42
0,5,13,47
0,5,14,50
0,5,15,55
0,5,16,42
0,5,17,43
0,5,18,30
0,5,19,45
0,5,20,34
0,5,21,43
0,5,22,43
0,5,23,93
0,5,24,78
0,5,25,48
0,5,26,31
0,5,27,34
0,5,28,33
0,5,29,30
0,5,30,25
0,5,31,43
0,5,32,49
0,5,33,25
0,5,34,33
0,5,35,39
0,5,36,39
0,5,37,40
0,5,38,41
0,5,39,30
0,5,40,25
0,5,41,41
0,5,42,30
0,5,43,27
0,5,44,37
0,5,45,28
0,5,46,39
0,5,47,42
0,5,48,22
0,5,49,37
0,5,50,38
0,5,51,38
0,5,52,38
0,5,53,22
0,5,54,24
0,5,55,22
0,5,56,30
0,5,57,24
0,5,58,22
0,5,59,20
0,5,60,28
0,5,61,19
0,5,62,19
0,5,63,32
0,5,64,30
0,5,65,23
0,5,66,23
0,5,67,24
0,5,68,25
0,5,69,25
0,5,70,23
0,5,71,34
0,5,72,24
0,5,73,28
0,5,74,21
0,5,75,23
0,5,76,23
0,5,77,21
0,5,78,22
0,5,79,25
0,5,80,24
0,5,81,23
0,5,82,34
0,5,83,55
0,5,84,46
0,5,85,35
0,5,86,35
0,5,87,20
0,5,88,26
0,5,89,19
0,5,90,41
0,5,91,28
0,5,92,28
0,5,93,21
0,5,94,21
0,5,95,21
0,5,96,53
0,5,97,15
0,5,98,22
0,5,99,15
0,5,100,15
0,5,101,15
0,5,102,15
0,5,103,15
0,5,104,15
0,5,105,35
0,5,106,18
0,5,107,19
0,5,108,43
0,5,109,37
0,5,110,72
0,5,111,80
0,5,112,41
0,5,113,55
0,5,114,19
0,5,115,16
0,5,116,21
0,5,117,18
0,5,118,29
0,5,119,35
0,5,120,14
0,5,121,21
0,5,122,14
0,5,123,26
0,5,124,41
0,5,125,14
0,5,126,19
0,5,127,18
0,5,128,17
0,5,129,22
0,5,130,32
0,5,131,35
0,5,132,37
0,5,133,36
0,5,134,38
0,5,135,34
0,5,136,37
0,5,137,40
0,5,138,14
0,5,139,20
0,5,140,35
0,5,141,16
0,5,142,13
0,5,143,35
0,5,144,34
0,5,145,15
0,5,146,33
0,5,147,15
0,5,148,37
0,5,149,51
0,5,150,33
0,5,151,17
0,5,152,34
0,5,153,34
0,5,154,34
0,5,155,13
0,5,156,49
0,5,157,42
0,5,158,79
0,5,159,41
0,5,160,37
0,5,161,15
0,5,162,32
0,5,163,35
0,5,164,36
0,5,165,38
0,5,166,48
0,5,167,27
0,5,168,34
0,5,169,39
0,5,170,37
0,5,171,32
0,5,172,29
0,5,173,32
0,5,174,42
0,5,175,38
0,5,176,39
0,5,177,45
0,5,178,39
0,5,179,17
0,5,180,15
0,5,181,21
0,5,182,23
0,5,183,20
0,5,184,20
0,5,185,21
0,5,186,29
0,5,187,43
0,5,188,33
0,5,189,17
0,5,190,24
0,5,191,15
0,5,192,14
0,5,193,42
0,5,194,18
0,5,195,18
0,5,196,40
0,5,197,44
0,5,198,24
0,5,199,21
0,5,200,26
0,6,1,194
0,6,2,194
0,6,3,152
0,6,4,132
0,6,5,84
0,6,6,69
0,6,7,66
0,6,8,62
0,6,9,60
0,6,10,65
0,6,11,42
0,6,12,41
0,6,13,37
0,6,14,33
0,6,15,36
0,6,16,62
0,6,17,38
0,6,18,30
0,6,19,36
0,6,20,43
0,6,21,25
0,6,22,21
0,6,23,28
0,6,24,35
0,6,25,67
0,6,26,45
0,6,27,47
0,6,28,49
0,6,29,44
0,6,30,50
0,6,31,37
0,6,32,39
0,6,33,25
0,6,34,52
0,6,35,56
0,6,36,28
0,6,37,30
0,6,38,30
0,6,39,21
0,6,40,19
0,6,41,37
0,6,42,15
0,6,43,15
0,6,44,15
0,6,45,45
0,6,46,30
0,6,47,33
0,6,48,43
0,6,49,32
0,6,50,30
0,6,51,31
0,6,52,30
0,6,53,18
0,6,54,20
0,6,55,15
0,6,56,34
0,6,57,13
0,6,58,36
0,6,59,15
0,6,60,38
0,6,61,19
0,6,62,19
0,6,63,34
0,6,64,39
0,6,65,49
0,6,66,47
0,6,67,48
0,6,68,51
0,6,69,54
0,6,70,18
0,6,71,43
0,6,72,55
0,6,73,41
0,6,74,53
0,6,75,53
0,6,76,17
0,6,77,16
0,6,78,17
0,6,79,13
0,6,80,14
0,6,81,13
0,6,82,35
0,6,83,52
0,6,84,38
0,6,85,43
0,6,86,30
0,6,87,15
0,6,88,54
0,6,89,18
0,6,90,61
0,6,91,34
0,6,92,38
0,6,93,46
0,6,94,15
0,6,95,18
0,6,96,36
0,6,97,21
0,6,98,35
0,6,99,15
0,6,100,19
0,6,101,15
0,6,102,16
0,6,103,15
0,6,104,17
0,6,105,28
0,6,106,15
0,6,107,20
0,6,108,16
0,6,109,51
0,6,110,47
0,6,111,55
0,6,112,47
0,6,113,60
0,6,114,52
0,6,115,18
0,6,116,20
0,6,117,20
0,6,118,18
0,6,119,19
0,6,120,15
0,6,121,15
0,6,122,16
0,6,123,41
0,6,124,48
0,6,125,15
0,6,126,14
0,6,127,15
0,6,128,45
0,6,129,15
0,6,130,29
0,6,131,25
0,6,132,27
0,6,133,27
0,6,134,31
0,6,135,33
0,6,136,31
0,6,137,44
0,6,138,16
0,6,139,41
0,6,140,38
0,6,141,50
0,6,142,46
0,6,143,40
0,6,144,33
0,6,145,14
0,6,146,37
0,6,147,50
0,6,148,34
0,6,149,39
0,6,150,58
0,6,151,48
0,6,152,32
0,6,153,32
0,6,154,51
0,6,155,43
0,6,156,26
0,6,157,25
0,6,158,40
0,6,159,38
0,6,160,28
0,6,161,56
0,6,162,26
0,6,163,43
0,6,164,34
0,6,165,54
0,6,166,51
0,6,167,12
0,6,168,39
0,6,169,34
0,6,170,35
0,6,171,28
0,6,172,41
0,6,173,25
0,6,174,26
0,6,175,26
0,6,176,33
0,6,177,34
0,6,178,44
0,6,179,55
0,6,180,56
0,6,181,55
0,6,182,65
0,6,183,56
0,6,184,40
0,6,185,39
0,6,186,33
0,6,187,37
0,6,188,40
0,6,189,13
0,6,190,47
0,6,191,44
0,6,192,47
0,6,193,31
0,6,194,15
0,6,195,15
0,6,196,33
0,6,197,48
0,6,198,47
0,6,199,48
0,6,200,48
0,7,1,138
0,7,2,103
0,7,3,107
0,7,4,68
0,7,5,30
0,7,6,38
0,7,7,46
0,7,8,44
0,7,9,56
0,7,10,25
0,7,11,17
0,7,12,16
0,7,13,9
0,7,14,23
0,7,15,48
0,7,16,56
0,7,17,49
0,7,18,31
0,7,19,18
0,7,20,36
0,7,21,20
0,7,22,16
0,7,23,24
0,7,24,25
0,7,25,13
0,7,26,9
0,7,27,3
0,7,28,4
0,7,29,4
0,7,30,3
0,7,31,19
0,7,32,26
0,7,33,25
0,7,34,58
0,7,35,61
0,7,36,19
0,7,37,16
0,7,38,18
0,7,39,24
0,7,40,22
0,7,41,19
0,7,42,10
0,7,43,10
0,7,44,7
0,7,45,18
0,7,46,14
0,7,47,19
0,7,48,21
0,7,49,22
0,7,50,25
0,7,51,23
0,7,52,20
0,7,53,9
0,7,54,12
0,7,55,5
0,7,56,24
0,7,57,9
0,7,58,20
0,7,59,1
0,7,60,22
0,7,61,1
0,7,62,26
0,7,63,36
0,7,64,23
0,7,65,7
0,7,66,7
0,7,67,9
0,7,68,23
0,7,69,34
0,7,70,9
0,7,71,27
0,7,72,6
0,7,73,27
0,7,74,9
0,7,75,10
0,7,76,5
0,7,77,7
0,7,78,6
0,7,79,5
0,7,80,6
0,7,81,6
0,7,82,31
0,7,83,46
0,7,84,29
0,7,85,23
0,7,86,22
0,7,87,9
0,7,88,22
0,7,89,4
0,7,90,41
0,7,91,25
0,7,92,27
0,7,93,19
0,7,94,7
0,7,95,6
0,7,96,23
0,7,97,6
0,7,98,17
0,7,99,4
0,7,100,1
0,7,101,0
0,7,102,0
0,7,103,1
0,7,104,5
0,7,105,24
0,7,106,4
0,7,107,7
0,7,108,7
0,7,109,9
0,7,110,45
0,7,111,46
0,7,112,43
0,7,113,46
0,7,114,16
0,7,115,6
0,7,116,5
0,7,117,7
0,7,118,9
0,7,119,8
0,7,120,2
0,7,121,11
0,7,122,5
0,7,123,26
0,7,124,40
0,7,125,6
0,7,126,7
0,7,127,6
0,7,128,7
0,7,129,7
0,7,130,22
0,7,131,16
0,7,132,14
0,7,133,14
0,7,134,21
0,7,135,22
0,7,136,15
0,7,137,35
0,7,138,6
0,7,139,21
0,7,140,16
0,7,141,12
0,7,142,13
0,7,143,26
0,7,144,18
0,7,145,7
0,7,146,20
0,7,147,16
0,7,148,25
0,7,149,25
0,7,150,3
0,7,151,3
0,7,152,15
0,7,153,15
0,7,154,37
0,7,155,10
0,7,156,13
0,7,157,13
0,7,158,21
0,7,159,22
0,7,160,15
0,7,161,4
0,7,162,13
0,7,163,31
0,7,164,34
0,7,165,106
0,7,166,131
0,7,167,12
0,7,168,21
0,7,169,28
0,7,170,31
0,7,171,15
0,7,172,29
0,7,173,16
0,7,174,15
0,7,175,14
0,7,176,16
0,7,177,16
0,7,178,20
0,7,179,5
0,7,180,6
0,7,181,25
0,7,182,26
0,7,183,34
0,7,184,27
0,7,185,46
0,7,186,38
0,7,187,62
0,7,188,21
0,7,189,6
0,7,190,8
0,7,191,4
0,7,192,5
0,7,193,15
0,7,194,8
0,7,195,9
0,7,196,22
0,7,197,44
0,7,198,16
0,7,199,15
0,7,200,27
1,0,1,647
1,0,2,484
1,0,3,524
1,0,4,495
1,0,5,471
1,0,6,441
1,0,7,496
1,0,8,556
1,0,9,518
1,0,10,447
1,0,11,454
1,0,12,473
1,0,13,512
1,0,14,482
1,0,15,486
1,0,16,472
1,0,17,453
1,0,18,476
1,0,19,451
1,0,20,452
1,0,21,486
1,0,22,477
1,0,23,521
1,0,24,472
1,0,25,462
1,0,26,431
1,0,27,553
1,0,28,465
1,0,29,703
1,0,30,582
1,0,31,485
1,0,32,505
1,0,33,436
1,0,34,523
1,0,35,536
1,0,36,470
1,0,37,443
1,0,38,468
1,0,39,449
1,0,40,432
1,0,41,542
1,0,42,422
1,0,43,469
1,0,44,422
1,0,45,454
1,0,46,450
1,0,47,425
1,0,48,494
1,0,49,453
1,0,50,443
1,0,51,445
1,0,52,500
1,0,53,498
1,0,54,485
1,0,55,479
1,0,56,421
1,0,57,446
1,0,58,450
1,0,59,435
1,0,60,456
1,0,61,553
1,0,62,488
1,0,63,465
1,0,64,500
1,0,65,488
1,0,66,475
1,0,67,458
1,0,68,441
1,0,69,456
1,0,70,487
1,0,71,469
1,0,72,466
1,0,73,439
1,0,74,456
1,0,75,696
1,0,76,570
1,0,77,438
1,0,78,458
1,0,79,447
1,0,80,441
1,0,81,457
1,0,82,435
1,0,83,493
1,0,84,500
1,0,85,452
1,0,86,465
1,0,87,446
1,0,88,484
1,0,89,620
1,0,90,507
1,0,91,576
1,0,92,584
1,0,93,474
1,0,94,452
1,0,95,492
1,0,96,477
1,0,97,430
1,0,98,431
1,0,99,439
1,0,100,460
1,0,101,459
1,0,102,459
1,0,103,453
1,0,104,472
1,0,105,455
1,0,106,452
1,0,107,510
1,0,108,425
1,0,109,460
1,0,110,460
1,0,111,477
1,0,112,421
1,0,113,425
1,0,114,426
1,0,115,454
1,0,116,482
1,0,117,432
1,0,118,443
1,0,119,431
1,0,120,459
1,0,121,515
1,0,122,555
1,0,123,607
1,0,124,524
1,0,125,462
1,0,126,705
1,0,127,470
1,0,128,461
1,0,129,509
1,0,130,508
1,0,131,520
1,0,132,502
1,0,133,482
1,0,134,443
1,0,135,483
1,0,136,442
1,0,137,422
1,0,138,459
1,0,139,710
1,0,140,440
1,0,141,470
1,0,142,475
1,0,143,440
1,0,144,447
1,0,145,460
1,0,146,473
1,0,147,535
1,0,148,678
1,0,149,474
1,0,150,455
1,0,151,454
1,0,152,492
1,0,153,717
1,0,154,632
1,0,155,614
1,0,156,478
1,0,157,483
1,0,158,456
1,0,159,510
1,0,160,490
1,0,161,461
1,0,162,489
1,0,163,479
1,0,164,461
1,0,165,466
1,0,166,465
1,0,167,474
1,0,168,453
1,0,169,560
1,0,170,515
1,0,171,501
1,0,172,454
1,0,173,452
1,0,174,490
1,0,175,440
1,0,176,469
1,0,177,438
1,0,178,453
1,0,179,455
1,0,180,462
1,0,181,472
1,0,182,524
1,0,183,548
1,0,184,466
1,0,185,479
1,0,186,545
1,0,187,460
1,0,188,453
1,0,189,462
1,0,190,586
1,0,191,562
1,0,192,516
1,0,193,449
1,0,194,449
1,0,195,502
1,0,196,480
1,0,197,492
1,0,198,441
1,0,199,447
1,0,200,444
1,1,1,409
1,1,2,311
1,1,3,359
1,1,4,308
1,1,5,465
1,1,6,338
1,1,7,270
1,1,8,302
1,1,9,262
1,1,10,246
1,1,11,279
1,1,12,272
1,1,13,288
1,1,14,262
1,1,15,282
1,1,16,323
1,1,17,255
1,1,18,240
1,1,19,269
1,1,20,240
1,1,21,247
1,1,22,257
1,1,23,411
1,1,24,316
1,1,25,285
1,1,26,302
1,1,27,284
1,1,28,262
1,1,29,251
1,1,30,274
1,1,31,287
1,1,32,250
1,1,33,265
1,1,34,293
1,1,35,315
1,1,36,236
1,1,37,246
1,1,38,252
1,1,39,284
1,1,40,263
1,1,41,249
1,1,42,252
1,1,43,259
1,1,44,251
1,1,45,242
1,1,46,244
1,1,47,251
1,1,48,302
1,1,49,243
1,1,50,241
1,1,51,242
1,1,52,243
1,1,53,308
1,1,54,250
1,1,55,239
1,1,56,271
1,1,57,292
1,1,58,270
1,1,59,263
1,1,60,303
1,1,61,249
1,1,62,257
1,1,63,246
1,1,64,280
1,1,65,257
1,1,66,248
1,1,67,248
1,1,68,260
1,1,69,290
1,1,70,274
1,1,71,262
1,1,72,279
1,1,73,276
1,1,74,273
1,1,75,278
1,1,76,275
1,1,77,275
1,1,78,286
1,1,79,267
1,1,80,297
1,1,81,491
1,1,82,408
1,1,83,347
1,1,84,288
1,1,85,265
1,1,86,365
1,1,87,281
1,1,88,262
1,1,89,355
1,1,90,278
1,1,91,278
1,1,92,269
1,1,93,277
1,1,94,266
1,1,95,303
1,1,96,301
1,1,97,293
1,1,98,275
1,1,99,274
1,1,100,272
1,1,101,283
1,1,102,337
1,1,103,321
1,1,104,354
1,1,105,297
1,1,106,338
1,1,107,327
1,1,108,307
1,1,109,288
1,1,110,257
1,1,111,260
1,1,112,285
1,1,113,317
1,1,114,255
1,1,115,269
1,1,116,255
1,1,117,259
1,1,118,258
1,1,119,394
1,1,120,343
1,1,121,381
1,1,122,315
1,1,123,366
1,1,124,259
1,1,125,247
1,1,126,353
1,1,127,323
1,1,128,359
1,1,129,335
1,1,130,273
1,1,131,283
1,1,132,283
1,1,133,306
1,1,134,309
1,1,135,383
1,1,136,288
1,1,137,339
1,1,138,344
1,1,139,272
1,1,140,272
1,1,141,300
1,1,142,254
1,1,143,293
1,1,144,233
1,1,145,264
1,1,146,239
1,1,147,244
1,1,148,246
1,1,149,243
1,1,150,261
1,1,151,243
1,1,152,243
1,1,153,338
1,1,154,337
1,1,155,252
1,1,156,267
1,1,157,298
1,1,158,338
1,1,159,274
1,1,160,244
1,1,161,235
1,1,162,240
1,1,163,246
1,1,164,252
1,1,165,242
1,1,166,270
1,1,167,293
1,1,168,244
1,1,169,245
1,1,170,273
1,1,171,440
1,1,172,331
1,1,173,364
1,1,174,270
1,1,175,259
1,1,176,252
1,1,177,261
1,1,178,257
1,1,179,261
1,1,180,260
1,1,181,257
1,1,182,258
1,1,183,283
1,1,184,265
1,1,185,243
1,1,186,307
1,1,187,260
1,1,188,332
1,1,189,261
1,1,190,260
1,1,191,272
1,1,192,319
1,1,193,268
1,1,194,259
1,1,195,244
1,1,196,256
1,1,197,254
1,1,198,337
1,1,199,281
1,1,200,313
1,2,1,380
1,2,2,352
1,2,3,294
1,2,4,338
1,2,5,522
1,2,6,455
1,2,7,304
1,2,8,412
1,2,9,302
1,2,10,293
1,2,11,288
1,2,12,311
1,2,13,283
1,2,14,343
1,2,15,302
1,2,16,317
1,2,17,289
1,2,18,301
1,2,19,283
1,2,20,276
1,2,21,299
1,2,22,306
1,2,23,271
1,2,24,319
1,2,25,288
1,2,26,356
1,2,27,312
1,2,28,295
1,2,29,302
1,2,30,329
1,2,31,318
1,2,32,289
1,2,33,488
1,2,34,379
1,2,35,351
1,2,36,276
1,2,37,337
1,2,38,354
1,2,39,320
1,2,40,344
1,2,41,429
1,2,42,309
1,2,43,294
1,2,44,290
1,2,45,318
1,2,46,299
1,2,47,315
1,2,48,370
1,2,49,364
1,2,50,599
1,2,51,384
1,2,52,304
1,2,53,309
1,2,54,352
1,2,55,294
1,2,56,363
1,2,57,276
1,2,58,299
1,2,59,281
1,2,60,281
1,2,61,285
1,2,62,305
1,2,63,298
1,2,64,330
1,2,65,311
1,2,66,296
1,2,67,285
1,2,68,283
1,2,69,277
1,2,70,300
1,2,71,396
1,2,72,374
1,2,73,582
1,2,74,309
1,2,75,327
1,2,76,291
1,2,77,460
1,2,78,450
1,2,79,328
1,2,80,314
1,2,81,289
1,2,82,324
1,2,83,334
1,2,84,296
1,2,85,282
1,2,86,351
1,2,87,296
1,2,88,295
1,2,89,316
1,2,90,295
1,2,91,320
1,2,92,326
1,2,93,431
1,2,94,297
1,2,95,402
1,2,96,313
1,2,97,298
1,2,98,349
1,2,99,367
1,2,100,294
1,2,101,309
1,2,102,270
1,2,103,259
1,2,104,253
1,2,105,253
1,2,106,261
1,2,107,268
1,2,108,267
1,2,109,270
1,2,110,254
1,2,111,269
1,2,112,238
1,2,113,236
1,2,114,292
1,2,115,252
1,2,116,288
1,2,117,412
1,2,118,275
1,2,119,275
1,2,120,415
1,2,121,271
1,2,122,259
1,2,123,247
1,2,124,279
1,2,125,251
1,2,126,246
1,2,127,282
1,2,128,243
1,2,129,257
1,2,130,240
1,2,131,274
1,2,132,420
1,2,133,251
1,2,134,249
1,2,135,257
1,2,136,257
1,2,137,340
1,2,138,550
1,2,139,489
1,2,140,398
1,2,141,267
1,2,142,360
1,2,143,278
1,2,144,289
1,2,145,258
1,2,146,258
1,2,147,253
1,2,148,259
1,2,149,258
1,2,150,236
1,2,151,278
1,2,152,244
1,2,153,263
1,2,154,246
1,2,155,249
1,2,156,251
1,2,157,292
1,2,158,253
1,2,159,243
1,2,160,301
1,2,161,271
1,2,162,262
1,2,163,247
1,2,164,252
1,2,165,235
1,2,166,278
1,2,167,244
1,2,168,247
1,2,169,246
1,2,170,252
1,2,171,257
1,2,172,253
1,2,173,276
1,2,174,237
1,2,175,285
1,2,176,258
1,2,177,250
1,2,178,238
1,2,179,246
1,2,180,236
1,2,181,239
1,2,182,281
1,2,183,240
1,2,184,279
1,2,185,234
1,2,186,275
1,2,187,239
1,2,188,241
1,2,189,241
1,2,190,239
1,2,191,244
1,2,192,267
1,2,193,279
1,2,194,259
1,2,195,262
1,2,196,239
1,2,197,245
1,2,198,239
1,2,199,241
1,2,200,265
1,3,1,489
1,3,2,430
1,3,3,434
1,3,4,491
1,3,5,346
1,3,6,418
1,3,7,421
1,3,8,425
1,3,9,403
1,3,10,244
1,3,11,356
1,3,12,309
1,3,13,350
1,3,14,269
1,3,15,403
1,3,16,344
1,3,17,344
1,3,18,361
1,3,19,340
1,3,20,224
1,3,21,185
1,3,22,339
1,3,23,395
1,3,24,201
1,3,25,318
1,3,26,446
1,3,27,261
1,3,28,275
1,3,29,186
1,3,30,326
1,3,31,181
1,3,32,346
1,3,33,325
1,3,34,340
1,3,35,295
1,3,36,152
1,3,37,313
1,3,38,242
1,3,39,381
1,3,40,381
1,3,41,343
1,3,42,283
1,3,43,255
1,3,44,152
1,3,45,333
1,3,46,325
1,3,47,149
1,3,48,288
1,3,49,220
1,3,50,140
1,3,51,289
1,3,52,417
1,3,53,401
1,3,54,150
1,3,55,169
1,3,56,294
1,3,57,229
1,3,58,353
1,3,59,284
1,3,60,199
1,3,61,341
1,3,62,322
1,3,63,194
1,3,64,255
1,3,65,157
1,3,66,157
1,3,67,177
1,3,68,131
1,3,69,136
1,3,70,136
1,3,71,137
1,3,72,147
1,3,73,332
1,3,74,136
1,3,75,415
1,3,76,269
1,3,77,256
1,3,78,136
1,3,79,273
1,3,80,318
1,3,81,410
1,3,82,334
1,3,83,345
1,3,84,387
1,3,85,504
1,3,86,426
1,3,87,357
1,3,88,545
1,3,89,357
1,3,90,350
1,3,91,278
1,3,92,282
1,3,93,358
1,3,94,289
1,3,95,357
1,3,96,417
1,3,97,464
1,3,98,362
1,3,99,369
1,3,100,352
1,3,101,319
1,3,102,328
1,3,103,320
1,3,104,278
1,3,105,281
1,3,106,339
1,3,107,445
1,3,108,373
1,3,109,152
1,3,110,141
1,3,111,148
1,3,112,138
1,3,113,324
1,3,114,267
1,3,115,398
1,3,116,243
1,3,117,296
1,3,118,322
1,3,119,404
1,3,120,327
1,3,121,282
1,3,122,187
1,3,123,305
1,3,124,324
1,3,125,357
1,3,126,311
1,3,127,213
1,3,128,293
1,3,129,321
1,3,130,299
1,3,131,268
1,3,132,223
1,3,133,271
1,3,134,272
1,3,135,126
1,3,136,390
1,3,137,182
1,3,138,349
1,3,139,325
1,3,140,327
1,3,141,412
1,3,142,212
1,3,143,348
1,3,144,138
1,3,145,145
1,3,146,183
1,3,147,224
1,3,148,241
1,3,149,172
1,3,150,200
1,3,151,157
1,3,152,211
1,3,153,201
1,3,154,150
1,3,155,142
1,3,156,163
1,3,157,210
1,3,158,301
1,3,159,317
1,3,160,384
1,3,161,201
1,3,162,185
1,3,163,281
1,3,164,379
1,3,165,154
1,3,166,228
1,3,167,237
1,3,168,179
1,3,169,214
1,3,170,173
1,3,171,400
1,3,172,307
1,3,173,219
1,3,174,167
1,3,175,378
1,3,176,228
1,3,177,295
1,3,178,268
1,3,179,216
1,3,180,232
1,3,181,234
1,3,182,233
1,3,183,275
1,3,184,302
1,3,185,156
1,3,186,310
1,3,187,285
1,3,188,312
1,3,189,274
1,3,190,346
1,3,191,274
1,3,192,363
1,3,193,215
1,3,194,273
1,3,195,209
1,3,196,332
1,3,197,238
1,3,198,327
1,3,199,273
1,3,200,294
1,4,1,242
1,4,2,215
1,4,3,246
1,4,4,231
1,4,5,231
1,4,6,244
1,4,7,243
1,4,8,257
1,4,9,243
1,4,10,226
1,4,11,248
1,4,12,229
1,4,13,284
1,4,14,249
1,4,15,295
1,4,16,262
1,4,17,238
1,4,18,232
1,4,19,237
1,4,20,243
1,4,21,240
1,4,22,239
1,4,23,264
1,4,24,233
1,4,25,269
1,4,26,250
1,4,27,227
1,4,28,238
1,4,29,238
1,4,30,252
1,4,31,269
1,4,32,273
1,4,33,241
1,4,34,374
1,4,35,231
1,4,36,266
1,4,37,337
1,4,38,237
1,4,39,250
1,4,40,247
1,4,41,291
1,4,42,237
1,4,43,233
1,4,44,222
1,4,45,306
1,4,46,348
1,4,47,230
1,4,48,257
1,4,49,225
1,4,50,235
1,4,51,235
1,4,52,278
1,4,53,249
1,4,54,279
1,4,55,303
1,4,56,230
1,4,57,256
1,4,58,246
1,4,59,233
1,4,60,329
1,4,61,333
1,4,62,332
1,4,63,271
1,4,64,244
1,4,65,238
1,4,66,231
1,4,67,240
1,4,68,224
1,4,69,236
1,4,70,219
1,4,71,234
1,4,72,225
1,4,73,249
1,4,74,247
1,4,75,240
1,4,76,253
1,4,77,250
1,4,78,225
1,4,79,239
1,4,80,235
1,4,81,237
1,4,82,248
1,4,83,246
1,4,84,259
1,4,85,231
1,4,86,258
1,4,87,286
1,4,88,270
1,4,89,270
1,4,90,236
1,4,91,261
1,4,92,283
1,4,93,251
1,4,94,245
1,4,95,251
1,4,96,239
1,4,97,241
1,4,98,230
1,4,99,241
1,4,100,253
1,4,101,239
1,4,102,240
1,4,103,362
1,4,104,241
1,4,105,236
1,4,106,249
1,4,107,234
1,4,108,235
1,4,109,257
1,4,110,232
1,4,111,226
1,4,112,268
1,4,113,242
1,4,114,245
1,4,115,234
1,4,116,236
1,4,117,269
1,4,118,243
1,4,119,269
1,4,120,279
1,4,121,420
1,4,122,264
1,4,123,258
1,4,124,491
1,4,125,250
1,4,126,289
1,4,127,220
1,4,128,274
1,4,129,275
1,4,130,267
1,4,131,226
1,4,132,241
1,4,133,273
1,4,134,254
1,4,135,258
1,4,136,226
1,4,137,223
1,4,138,252
1,4,139,248
1,4,140,232
1,4,141,239
1,4,142,311
1,4,143,240
1,4,144,293
1,4,145,302
1,4,146,302
1,4,147,235
1,4,148,243
1,4,149,403
1,4,150,236
1,4,151,309
1,4,152,330
1,4,153,265
1,4,154,309
1,4,155,295
1,4,156,235
1,4,157,227
1,4,158,246
1,4,159,279
1,4,160,259
1,4,161,224
1,4,162,278
1,4,163,239
1,4,164,236
1,4,165,234
1,4,166,239
1,4,167,235
1,4,168,241
1,4,169,269
1,4,170,248
1,4,171,245
1,4,172,437
1,4,173,522
1,4,174,274
1,4,175,267
1,4,176,251
1,4,177,271
1,4,178,309
1,4,179,247
1,4,180,226
1,4,181,225
1,4,182,258
1,4,183,309
1,4,184,306
1,4,185,244
1,4,186,245
1,4,187,228
1,4,188,237
1,4,189,235
1,4,190,242
1,4,191,239
1,4,192,239
1,4,193,237
1,4,194,276
1,4,195,234
1,4,196,253
1,4,197,370
1,4,198,427
1,4,199,330
1,4,200,234
1,5,1,217
1,5,2,224
1,5,3,215
1,5,4,215
1,5,5,154
1,5,6,216
1,5,7,205
1,5,8,203
1,5,9,200
1,5,10,195
1,5,11,288
1,5,12,311
1,5,13,261
1,5,14,234
1,5,15,267
1,5,16,201
1,5,17,212
1,5,18,206
1,5,19,131
1,5,20,114
1,5,21,109
1,5,22,172
1,5,23,192
1,5,24,136
1,5,25,183
1,5,26,195
1,5,27,111
1,5,28,111
1,5,29,117
1,5,30,207
1,5,31,121
1,5,32,247
1,5,33,198
1,5,34,201
1,5,35,180
1,5,36,102
1,5,37,173
1,5,38,161
1,5,39,216
1,5,40,224
1,5,41,190
1,5,42,181
1,5,43,155
1,5,44,86
1,5,45,232
1,5,46,193
1,5,47,85
1,5,48,164
1,5,49,138
1,5,50,88
1,5,51,182
1,5,52,207
1,5,53,217
1,5,54,84
1,5,55,88
1,5,56,212
1,5,57,158
1,5,58,196
1,5,59,199
1,5,60,123
1,5,61,184
1,5,62,204
1,5,63,77
1,5,64,150
1,5,65,76
1,5,66,75
1,5,67,108
1,5,68,87
1,5,69,71
1,5,70,78
1,5,71,98
1,5,72,83
1,5,73,192
1,5,74,92
1,5,75,214
1,5,76,165
1,5,77,184
1,5,78,78
1,5,79,170
1,5,80,196
1,5,81,232
1,5,82,228
1,5,83,221
1,5,84,215
1,5,85,204
1,5,86,250
1,5,87,246
1,5,88,248
1,5,89,230
1,5,90,226
1,5,91,192
1,5,92,180
1,5,93,182
1,5,94,182
1,5,95,197
1,5,96,219
1,5,97,269
1,5,98,129
1,5,99,179
1,5,100,184
1,5,101,179
1,5,102,188
1,5,103,182
1,5,104,169
1,5,105,191
1,5,106,209
1,5,107,212
1,5,108,202
1,5,109,87
1,5,110,66
1,5,111,57
1,5,112,58
1,5,113,237
1,5,114,173
1,5,115,189
1,5,116,102
1,5,117,197
1,5,118,255
1,5,119,302
1,5,120,206
1,5,121,175
1,5,122,153
1,5,123,195
1,5,124,174
1,5,125,183
1,5,126,191
1,5,127,113
1,5,128,206
1,5,129,210
1,5,130,218
1,5,131,178
1,5,132,139
1,5,133,128
1,5,134,180
1,5,135,52
1,5,136,242
1,5,137,105
1,5,138,197
1,5,139,182
1,5,140,193
1,5,141,208
1,5,142,106
1,5,143,217
1,5,144,54
1,5,145,53
1,5,146,83
1,5,147,119
1,5,148,102
1,5,149,94
1,5,150,67
1,5,151,50
1,5,152,46
1,5,153,48
1,5,154,49
1,5,155,75
1,5,156,72
1,5,157,61
1,5,158,53
1,5,159,50
1,5,160,303
1,5,161,52
1,5,162,71
1,5,163,167
1,5,164,218
1,5,165,91
1,5,166,109
1,5,167,116
1,5,168,83
1,5,169,88
1,5,170,45
1,5,171,129
1,5,172,170
1,5,173,118
1,5,174,71
1,5,175,183
1,5,176,112
1,5,177,167
1,5,178,170
1,5,179,73
1,5,180,101
1,5,181,109
1,5,182,99
1,5,183,168
1,5,184,166
1,5,185,42
1,5,186,212
1,5,187,246
1,5,188,241
1,5,189,146
1,5,190,235
1,5,191,169
1,5,192,228
1,5,193,181
1,5,194,173
1,5,195,46
1,5,196,181
1,5,197,164
1,5,198,201
1,5,199,235
1,5,200,298
1,6,1,518
1,6,2,526
1,6,3,424
1,6,4,523
1,6,5,594
1,6,6,367
1,6,7,475
1,6,8,430
1,6,9,453
1,6,10,368
1,6,11,177
1,6,12,451
1,6,13,437
1,6,14,481
1,6,15,206
1,6,16,168
1,6,17,179
1,6,18,309
1,6,19,349
1,6,20,269
1,6,21,232
1,6,22,229
1,6,23,254
1,6,24,196
1,6,25,120
1,6,26,257
1,6,27,244
1,6,28,227
1,6,29,130
1,6,30,215
1,6,31,386
1,6,32,339
1,6,33,219
1,6,34,207
1,6,35,167
1,6,36,263
1,6,37,259
1,6,38,237
1,6,39,283
1,6,40,203
1,6,41,311
1,6,42,135
1,6,43,230
1,6,44,289
1,6,45,152
1,6,46,173
1,6,47,230
1,6,48,163
1,6,49,179
1,6,50,253
1,6,51,278
1,6,52,196
1,6,53,234
1,6,54,373
1,6,55,235
1,6,56,174
1,6,57,185
1,6,58,160
1,6,59,181
1,6,60,181
1,6,61,191
1,6,62,202
1,6,63,232
1,6,64,206
1,6,65,236
1,6,66,230
1,6,67,223
1,6,68,212
1,6,69,223
1,6,70,200
1,6,71,207
1,6,72,210
1,6,73,205
1,6,74,216
1,6,75,256
1,6,76,212
1,6,77,167
1,6,78,231
1,6,79,183
1,6,80,190
1,6,81,183
1,6,82,180
1,6,83,201
1,6,84,182
1,6,85,182
1,6,86,183
1,6,87,227
1,6,88,226
1,6,89,225
1,6,90,229
1,6,91,206
1,6,92,169
1,6,93,182
1,6,94,181
1,6,95,182
1,6,96,196
1,6,97,185
1,6,98,217
1,6,99,156
1,6,100,181
1,6,101,170
1,6,102,183
1,6,103,177
1,6,104,142
1,6,105,130
1,6,106,159
1,6,107,178
1,6,108,203
1,6,109,122
1,6,110,116
1,6,111,233
1,6,112,232
1,6,113,204
1,6,114,132
1,6,115,202
1,6,116,187
1,6,117,166
1,6,118,184
1,6,119,211
1,6,120,166
1,6,121,182
1,6,122,175
1,6,123,164
1,6,124,192
1,6,125,182
1,6,126,177
1,6,127,130
1,6,128,157
1,6,129,198
1,6,130,176
1,6,131,242
1,6,132,178
1,6,133,169
1,6,134,391
1,6,135,236
1,6,136,222
1,6,137,214
1,6,138,186
1,6,139,183
1,6,140,179
1,6,141,173
1,6,142,270
1,6,143,329
1,6,144,217
1,6,145,265
1,6,146,228
1,6,147,200
1,6,148,192
1,6,149,209
1,6,150,214
1,6,151,154
1,6,152,213
1,6,153,171
1,6,154,150
1,6,155,163
1,6,156,141
1,6,157,158
1,6,158,323
1,6,159,140
1,6,160,175
1,6,161,187
1,6,162,142
1,6,163,141
1,6,164,190
1,6,165,198
1,6,166,117
1,6,167,172
1,6,168,168
1,6,169,200
1,6,170,327
1,6,171,177
1,6,172,178
1,6,173,177
1,6,174,172
1,6,175,222
1,6,176,185
1,6,177,182
1,6,178,215
1,6,179,175
1,6,180,134
1,6,181,133
1,6,182,138
1,6,183,352
1,6,184,163
1,6,185,239
1,6,186,198
1,6,187,206
1,6,188,277
1,6,189,167
1,6,190,180
1,6,191,198
1,6,192,203
1,6,193,255
1,6,194,169
1,6,195,134
1,6,196,187
1,6,197,195
1,6,198,231
1,6,199,225
1,6,200,239
1,7,1,533
1,7,2,541
1,7,3,435
1,7,4,485
1,7,5,126
1,7,6,511
1,7,7,369
1,7,8,296
1,7,9,316
1,7,10,100
1,7,11,333
1,7,12,178
1,7,13,192
1,7,14,429
1,7,15,172
1,7,16,217
1,7,17,82
1,7,18,267
1,7,19,156
1,7,20,30
1,7,21,12
1,7,22,159
1,7,23,220
1,7,24,72
1,7,25,136
1,7,26,287
1,7,27,39
1,7,28,15
1,7,29,21
1,7,30,136
1,7,31,27
1,7,32,285
1,7,33,70
1,7,34,74
1,7,35,114
1,7,36,12
1,7,37,93
1,7,38,54
1,7,39,133
1,7,40,59
1,7,41,103
1,7,42,63
1,7,43,90
1,7,44,30
1,7,45,82
1,7,46,91
1,7,47,16
1,7,48,81
1,7,49,71
1,7,50,17
1,7,51,63
1,7,52,103
1,7,53,164
1,7,54,19
1,7,55,36
1,7,56,263
1,7,57,107
1,7,58,89
1,7,59,79
1,7,60,74
1,7,61,116
1,7,62,145
1,7,63,9
1,7,64,122
1,7,65,22
1,7,66,21
1,7,67,123
1,7,68,4
1,7,69,5
1,7,70,25
1,7,71,22
1,7,72,27
1,7,73,178
1,7,74,24
1,7,75,90
1,7,76,131
1,7,77,112
1,7,78,1
1,7,79,135
1,7,80,57
1,7,81,52
1,7,82,55
1,7,83,62
1,7,84,100
1,7,85,114
1,7,86,108
1,7,87,110
1,7,88,156
1,7,89,160
1,7,90,166
1,7,91,133
1,7,92,114
1,7,93,110
1,7,94,162
1,7,95,128
1,7,96,149
1,7,97,62
1,7,98,64
1,7,99,95
1,7,100,102
1,7,101,101
1,7,102,100
1,7,103,102
1,7,104,106
1,7,105,103
1,7,106,95
1,7,107,91
1,7,108,149
1,7,109,14
1,7,110,10
1,7,111,6
1,7,112,2
1,7,113,109
1,7,114,90
1,7,115,157
1,7,116,48
1,7,117,109
1,7,118,104
1,7,119,174
1,7,120,102
1,7,121,84
1,7,122,52
1,7,123,87
1,7,124,94
1,7,125,123
1,7,126,95
1,7,127,76
1,7,128,56
1,7,129,120
1,7,130,117
1,7,131,83
1,7,132,88
1,7,133,89
1,7,134,137
1,7,135,3
1,7,136,132
1,7,137,68
1,7,138,98
1,7,139,59
1,7,140,70
1,7,141,106
1,7,142,68
1,7,143,147
1,7,144,4
1,7,145,3
1,7,146,60
1,7,147,145
1,7,148,52
1,7,149,51
1,7,150,53
1,7,151,32
1,7,152,6
1,7,153,15
1,7,154,15
1,7,155,16
1,7,156,13
1,7,157,15
1,7,158,11
1,7,159,42
1,7,160,134
1,7,161,3
1,7,162,24
1,7,163,80
1,7,164,125
1,7,165,20
1,7,166,67
1,7,167,74
1,7,168,49
1,7,169,52
1,7,170,7
1,7,171,100
1,7,172,94
1,7,173,62
1,7,174,63
1,7,175,131
1,7,176,58
1,7,177,102
1,7,178,145
1,7,179,59
1,7,180,69
1,7,181,67
1,7,182,74
1,7,183,64
1,7,184,113
1,7,185,14
1,7,186,74
1,7,187,144
1,7,188,58
1,7,189,176
1,7,190,245
1,7,191,140
1,7,192,132
1,7,193,125
1,7,194,65
1,7,195,11
1,7,196,90
1,7,197,115
1,7,198,139
1,7,199,54
1,7,200,150
2,0,1,1344
2,0,2,1422
2,0,3,1357
2,0,4,1452
2,0,5,1338
2,0,6,1198
2,0,7,1147
2,0,8,1168
2,0,9,1191
2,0,10,1227
2,0,11,1209
2,0,12,1143
2,0,13,1169
2,0,14,1160
2,0,15,1211
2,0,16,1172
2,0,17,1396
2,0,18,1329
2,0,19,1378
2,0,20,1304
2,0,21,1206
2,0,22,1309
2,0,23,1170
2,0,24,1217
2,0,25,1150
2,0,26,1192
2,0,27,1147
2,0,28,1223
2,0,29,1281
2,0,30,1325
2,0,31,1274
2,0,32,1207
2,0,33,1296
2,0,34,1296
2,0,35,1231
2,0,36,1186
2,0,37,1192
2,0,38,1182
2,0,39,1163
2,0,40,1053
2,0,41,1219
2,0,42,1357
2,0,43,1218
2,0,44,1101
2,0,45,1242
2,0,46,1228
2,0,47,1066
2,0,48,1081
2,0,49,1177
2,0,50,1233
2,0,51,1151
2,0,52,1355
2,0,53,1182
2,0,54,1102
2,0,55,1157
2,0,56,1247
2,0,57,1096
2,0,58,1191
2,0,59,1192
2,0,60,1161
2,0,61,1211
2,0,62,1141
2,0,63,1101
2,0,64,1148
2,0,65,1121
2,0,66,1085
2,0,67,1117
2,0,68,1075
2,0,69,1213
2,0,70,1398
2,0,71,1270
2,0,72,1355
2,0,73,1326
2,0,74,1298
2,0,75,1193
2,0,76,1175
2,0,77,1581
2,0,78,1690
2,0,79,1308
2,0,80,1043
2,0,81,1136
2,0,82,1116
2,0,83,1454
2,0,84,1292
2,0,85,1064
2,0,86,1057
2,0,87,1276
2,0,88,1151
2,0,89,1079
2,0,90,1131
2,0,91,1271
2,0,92,1170
2,0,93,1131
2,0,94,1107
2,0,95,1276
2,0,96,1110
2,0,97,1097
2,0,98,1208
2,0,99,1135
2,0,100,1382
2,0,101,1112
2,0,102,1149
2,0,103,1287
2,0,104,1104
2,0,105,1084
2,0,106,1077
2,0,107,1164
2,0,108,1118
2,0,109,1355
2,0,110,1161
2,0,111,1547
2,0,112,1545
2,0,113,1138
2,0,114,1208
2,0,115,1113
2,0,116,1076
2,0,117,1127
2,0,118,1114
2,0,119,1184
2,0,120,1126
2,0,121,1131
2,0,122,1245
2,0,123,1188
2,0,124,1214
2,0,125,1288
2,0,126,1148
2,0,127,1079
2,0,128,1167
2,0,129,1076
2,0,130,1049
2,0,131,1189
2,0,132,1091
2,0,133,1101
2,0,134,1068
2,0,135,1086
2,0,136,1026
2,0,137,1129
2,0,138,1102
2,0,139,1199
2,0,140,1191
2,0,141,1322
2,0,142,1129
2,0,143,1119
2,0,144,1090
2,0,145,1106
2,0,146,1128
2,0,147,1109
2,0,148,1162
2,0,149,1168
2,0,150,1139
2,0,151,1144
2,0,152,1168
2,0,153,1124
2,0,154,1113
2,0,155,1132
2,0,156,1368
2,0,157,1207
2,0,158,1410
2,0,159,1230
2,0,160,1071
2,0,161,1086
2,0,162,1228
2,0,163,1201
2,0,164,1399
2,0,165,1127
2,0,166,1065
2,0,167,1116
2,0,168,1038
2,0,169,1078
2,0,170,1045
2,0,171,1122
2,0,172,1172
2,0,173,1108
2,0,174,1078
2,0,175,1112
2,0,176,1115
2,0,177,1092
2,0,178,1121
2,0,179,1080
2,0,180,1070
2,0,181,1116
2,0,182,1090
2,0,183,1047
2,0,184,1136
2,0,185,1095
2,0,186,1057
2,0,187,1056
2,0,188,1064
2,0,189,1098
2,0,190,1156
2,0,191,1065
2,0,192,1252
2,0,193,1074
2,0,194,1192
2,0,195,1046
2,0,196,1086
2,0,197,1070
2,0,198,1105
2,0,199,1059
2,0,200,1185
2,1,1,874
2,1,2,736
2,1,3,866
2,1,4,882
2,1,5,1093
2,1,6,893
2,1,7,825
2,1,8,765
2,1,9,842
2,1,10,750
2,1,11,731
2,1,12,727
2,1,13,643
2,1,14,851
2,1,15,976
2,1,16,632
2,1,17,642
2,1,18,606
2,1,19,634
2,1,20,622
2,1,21,675
2,1,22,667
2,1,23,625
2,1,24,588
2,1,25,585
2,1,26,684
2,1,27,701
2,1,28,629
2,1,29,746
2,1,30,630
2,1,31,630
2,1,32,683
2,1,33,613
2,1,34,676
2,1,35,657
2,1,36,593
2,1,37,710
2,1,38,658
2,1,39,612
2,1,40,653
2,1,41,724
2,1,42,728
2,1,43,634
2,1,44,645
2,1,45,605
2,1,46,640
2,1,47,627
2,1,48,649
2,1,49,722
2,1,50,671
2,1,51,607
2,1,52,616
2,1,53,618
2,1,54,595
2,1,55,646
2,1,56,583
2,1,57,656
2,1,58,695
2,1,59,628
2,1,60,641
2,1,61,602
2,1,62,657
2,1,63,626
2,1,64,653
2,1,65,744
2,1,66,603
2,1,67,612
2,1,68,664
2,1,69,621
2,1,70,652
2,1,71,606
2,1,72,590
2,1,73,654
2,1,74,773
2,1,75,656
2,1,76,637
2,1,77,685
2,1,78,635
2,1,79,585
2,1,80,611
2,1,81,728
2,1,82,754
2,1,83,600
2,1,84,574
2,1,85,616
2,1,86,585
2,1,87,621
2,1,88,614
2,1,89,650
2,1,90,647
2,1,91,632
2,1,92,758
2,1,93,632
2,1,94,722
2,1,95,760
2,1,96,609
2,1,97,630
2,1,98,685
2,1,99,611
2,1,100,600
2,1,101,612
2,1,102,646
2,1,103,600
2,1,104,611
2,1,105,740
2,1,106,745
2,1,107,586
2,1,108,670
2,1,109,738
2,1,110,675
2,1,111,623
2,1,112,681
2,1,113,611
2,1,114,657
2,1,115,732
2,1,116,624
2,1,117,637
2,1,118,694
2,1,119,692
2,1,120,683
2,1,121,622
2,1,122,618
2,1,123,654
2,1,124,603
2,1,125,644
2,1,126,636
2,1,127,601
2,1,128,615
2,1,129,656
2,1,130,623
2,1,131,619
2,1,132,645
2,1,133,644
2,1,134,625
2,1,135,638
2,1,136,661
2,1,137,748
2,1,138,608
2,1,139,625
2,1,140,682
2,1,141,646
2,1,142,652
2,1,143,683
2,1,144,658
2,1,145,642
2,1,146,655
2,1,147,679
2,1,148,615
2,1,149,633
2,1,150,661
2,1,151,645
2,1,152,963
2,1,153,742
2,1,154,616
2,1,155,616
2,1,156,781
2,1,157,594
2,1,158,624
2,1,159,606
2,1,160,640
2,1,161,652
2,1,162,885
2,1,163,724
2,1,164,1019
2,1,165,680
2,1,166,641
2,1,167,708
2,1,168,866
2,1,169,624
2,1,170,624
2,1,171,595
2,1,172,667
2,1,173,626
2,1,174,625
2,1,175,711
2,1,176,672
2,1,177,725
2,1,178,807
2,1,179,881
2,1,180,725
2,1,181,691
2,1,182,1037
2,1,183,761
2,1,184,1174
2,1,185,1719
2,1,186,1224
2,1,187,935
2,1,188,936
2,1,189,682
2,1,190,609
2,1,191,874
2,1,192,735
2,1,193,687
2,1,194,686
2,1,195,632
2,1,196,638
2,1,197,640
2,1,198,662
2,1,199,654
2,1,200,619
2,2,1,828
2,2,2,711
2,2,3,733
2,2,4,677
2,2,5,719
2,2,6,772
2,2,7,1060
2,2,8,811
2,2,9,717
2,2,10,951
2,2,11,763
2,2,12,795
2,2,13,936
2,2,14,823
2,2,15,757
2,2,16,686
2,2,17,748
2,2,18,940
2,2,19,836
2,2,20,734
2,2,21,939
2,2,22,704
2,2,23,774
2,2,24,767
2,2,25,739
2,2,26,781
2,2,27,751
2,2,28,726
2,2,29,736
2,2,30,746
2,2,31,852
2,2,32,1015
2,2,33,826
2,2,34,754
2,2,35,748
2,2,36,839
2,2,37,830
2,2,38,699
2,2,39,720
2,2,40,694
2,2,41,793
2,2,42,893
2,2,43,727
2,2,44,750
2,2,45,725
2,2,46,989
2,2,47,878
2,2,48,786
2,2,49,870
2,2,50,988
2,2,51,1017
2,2,52,712
2,2,53,680
2,2,54,1096
2,2,55,892
2,2,56,892
2,2,57,752
2,2,58,681
2,2,59,807
2,2,60,768
2,2,61,782
2,2,62,692
2,2,63,770
2,2,64,1050
2,2,65,1184
2,2,66,789
2,2,67,867
2,2,68,746
2,2,69,681
2,2,70,701
2,2,71,728
2,2,72,945
2,2,73,797
2,2,74,741
2,2,75,881
2,2,76,832
2,2,77,875
2,2,78,789
2,2,79,893
2,2,80,783
2,2,81,687
2,2,82,827
2,2,83,722
2,2,84,719
2,2,85,827
2,2,86,688
2,2,87,871
2,2,88,753
2,2,89,776
2,2,90,732
2,2,91,756
2,2,92,774
2,2,93,807
2,2,94,774
2,2,95,720
2,2,96,773
2,2,97,724
2,2,98,710
2,2,99,704
2,2,100,704
2,2,101,776
2,2,102,720
2,2,103,709
2,2,104,703
2,2,105,712
2,2,106,704
2,2,107,695
2,2,108,685
2,2,109,706
2,2,110,836
2,2,111,737
2,2,112,720
2,2,113,855
2,2,114,761
2,2,115,707
2,2,116,895
2,2,117,697
2,2,118,780
2,2,119,698
2,2,120,582
2,2,121,589
2,2,122,701
2,2,123,590
2,2,124,624
2,2,125,657
2,2,126,908
2,2,127,601
2,2,128,677
2,2,129,698
2,2,130,600
2,2,131,700
2,2,132,738
2,2,133,623
2,2,134,629
2,2,135,678
2,2,136,642
2,2,137,897
2,2,138,884
2,2,139,668
2,2,140,783
2,2,141,1035
2,2,142,751
2,2,143,670
2,2,144,679
2,2,145,587
2,2,146,683
2,2,147,677
2,2,148,674
2,2,149,704
2,2,150,700
2,2,151,679
2,2,152,787
2,2,153,647
2,2,154,845
2,2,155,833
2,2,156,722
2,2,157,700
2,2,158,673
2,2,159,683
2,2,160,641
2,2,161,732
2,2,162,738
2,2,163,614
2,2,164,606
2,2,165,568
2,2,166,596
2,2,167,633
2,2,168,635
2,2,169,590
2,2,170,648
2,2,171,717
2,2,172,754
2,2,173,613
2,2,174,626
2,2,175,599
2,2,176,605
2,2,177,590
2,2,178,737
2,2,179,957
2,2,180,706
2,2,181,599
2,2,182,653
2,2,183,597
2,2,184,666
2,2,185,729
2,2,186,716
2,2,187,669
2,2,188,656
2,2,189,692
2,2,190,694
2,2,191,702
2,2,192,606
2,2,193,612
2,2,194,639
2,2,195,643
2,2,196,631
2,2,197,699
2,2,198,648
2,2,199,895
2,2,200,626
2,3,1,1108
2,3,2,961
2,3,3,1114
2,3,4,1120
2,3,5,1093
2,3,6,1218
2,3,7,1041
2,3,8,1043
2,3,9,891
2,3,10,874
2,3,11,1001
2,3,12,1099
2,3,13,1129
2,3,14,828
2,3,15,664
2,3,16,1143
2,3,17,1043
2,3,18,1050
2,3,19,1257
2,3,20,734
2,3,21,1133
2,3,22,1163
2,3,23,877
2,3,24,664
2,3,25,780
2,3,26,1246
2,3,27,873
2,3,28,775
2,3,29,1122
2,3,30,1021
2,3,31,1155
2,3,32,746
2,3,33,1033
2,3,34,544
2,3,35,1027
2,3,36,618
2,3,37,729
2,3,38,1128
2,3,39,1041
2,3,40,842
2,3,41,971
2,3,42,1047
2,3,43,493
2,3,44,1032
2,3,45,554
2,3,46,739
2,3,47,983
2,3,48,811
2,3,49,1199
2,3,50,933
2,3,51,702
2,3,52,939
2,3,53,1728
2,3,54,644
2,3,55,770
2,3,56,546
2,3,57,1048
2,3,58,952
2,3,59,901
2,3,60,958
2,3,61,1002
2,3,62,935
2,3,63,1044
2,3,64,497
2,3,65,1118
2,3,66,415
2,3,67,750
2,3,68,1472
2,3,69,1094
2,3,70,939
2,3,71,379
2,3,72,393
2,3,73,966
2,3,74,1018
2,3,75,926
2,3,76,512
2,3,77,719
2,3,78,510
2,3,79,1138
2,3,80,589
2,3,81,1020
2,3,82,505
2,3,83,459
2,3,84,424
2,3,85,1079
2,3,86,740
2,3,87,1142
2,3,88,1022
2,3,89,956
2,3,90,1094
2,3,91,1035
2,3,92,707
2,3,93,390
2,3,94,440
2,3,95,931
2,3,96,1085
2,3,97,1120
2,3,98,1093
2,3,99,1032
2,3,100,701
2,3,101,981
2,3,102,916
2,3,103,770
2,3,104,833
2,3,105,1806
2,3,106,799
2,3,107,496
2,3,108,712
2,3,109,955
2,3,110,1100
2,3,111,523
2,3,112,967
2,3,113,929
2,3,114,907
2,3,115,1068
2,3,116,543
2,3,117,643
2,3,118,889
2,3,119,863
2,3,120,944
2,3,121,750
2,3,122,1126
2,3,123,934
2,3,124,342
2,3,125,551
2,3,126,867
2,3,127,910
2,3,128,451
2,3,129,358
2,3,130,905
2,3,131,912
2,3,132,809
2,3,133,301
2,3,134,928
2,3,135,895
2,3,136,932
2,3,137,598
2,3,138,322
2,3,139,966
2,3,140,1017
2,3,141,918
2,3,142,364
2,3,143,527
2,3,144,1071
2,3,145,964
2,3,146,935
2,3,147,859
2,3,148,994
2,3,149,833
2,3,150,443
2,3,151,987
2,3,152,1390
2,3,153,601
2,3,154,906
2,3,155,854
2,3,156,974
2,3,157,800
2,3,158,937
2,3,159,1001
2,3,160,365
2,3,161,913
2,3,162,963
2,3,163,873
2,3,164,892
2,3,165,403
2,3,166,882
2,3,167,418
2,3,168,341
2,3,169,495
2,3,170,314
2,3,171,403
2,3,172,872
2,3,173,1004
2,3,174,1028
2,3,175,913
2,3,176,283
2,3,177,931
2,3,178,905
2,3,179,878
2,3,180,813
2,3,181,357
2,3,182,376
2,3,183,931
2,3,184,529
2,3,185,801
2,3,186,792
2,3,187,980
2,3,188,487
2,3,189,877
2,3,190,619
2,3,191,501
2,3,192,956
2,3,193,300
2,3,194,977
2,3,195,475
2,3,196,900
2,3,197,940
2,3,198,883
2,3,199,290
2,3,200,926
2,4,1,599
2,4,2,570
2,4,3,563
2,4,4,568
2,4,5,687
2,4,6,696
2,4,7,587
2,4,8,554
2,4,9,555
2,4,10,553
2,4,11,579
2,4,12,607
2,4,13,588
2,4,14,467
2,4,15,636
2,4,16,406
2,4,17,612
2,4,18,404
2,4,19,585
2,4,20,618
2,4,21,590
2,4,22,604
2,4,23,584
2,4,24,607
2,4,25,577
2,4,26,653
2,4,27,627
2,4,28,564
2,4,29,605
2,4,30,654
2,4,31,740
2,4,32,729
2,4,33,602
2,4,34,580
2,4,35,539
2,4,36,690
2,4,37,638
2,4,38,412
2,4,39,645
2,4,40,580
2,4,41,683
2,4,42,597
2,4,43,563
2,4,44,609
2,4,45,564
2,4,46,587
2,4,47,621
2,4,48,470
2,4,49,329
2,4,50,649
2,4,51,469
2,4,52,481
2,4,53,615
2,4,54,571
2,4,55,602
2,4,56,567
2,4,57,605
2,4,58,447
2,4,59,642
2,4,60,620
2,4,61,598
2,4,62,634
2,4,63,633
2,4,64,575
2,4,65,390
2,4,66,599
2,4,67,575
2,4,68,392
2,4,69,424
2,4,70,589
2,4,71,574
2,4,72,586
2,4,73,410
2,4,74,689
2,4,75,697
2,4,76,653
2,4,77,529
2,4,78,595
2,4,79,633
2,4,80,578
2,4,81,648
2,4,82,585
2,4,83,571
2,4,84,630
2,4,85,604
2,4,86,546
2,4,87,471
2,4,88,414
2,4,89,689
2,4,90,675
2,4,91,726
2,4,92,468
2,4,93,571
2,4,94,662
2,4,95,606
2,4,96,614
2,4,97,405
2,4,98,627
2,4,99,646
2,4,100,576
2,4,101,454
2,4,102,596
2,4,103,616
2,4,104,609
2,4,105,602
2,4,106,482
2,4,107,572
2,4,108,476
2,4,109,603
2,4,110,348
2,4,111,614
2,4,112,400
2,4,113,649
2,4,114,632
2,4,115,603
2,4,116,612
2,4,117,470
2,4,118,598
2,4,119,627
2,4,120,787
2,4,121,587
2,4,122,433
2,4,123,656
2,4,124,614
2,4,125,579
2,4,126,655
2,4,127,360
2,4,128,565
2,4,129,609
2,4,130,432
2,4,131,598
2,4,132,757
2,4,133,574
2,4,134,644
2,4,135,620
2,4,136,425
2,4,137,467
2,4,138,573
2,4,139,638
2,4,140,645
2,4,141,641
2,4,142,738
2,4,143,615
2,4,144,298
2,4,145,697
2,4,146,410
2,4,147,616
2,4,148,609
2,4,149,617
2,4,150,576
2,4,151,624
2,4,152,626
2,4,153,461
2,4,154,611
2,4,155,636
2,4,156,393
2,4,157,467
2,4,158,629
2,4,159,429
2,4,160,692
2,4,161,610
2,4,162,472
2,4,163,416
2,4,164,636
2,4,165,735
2,4,166,462
2,4,167,547
2,4,168,562
2,4,169,575
2,4,170,580
2,4,171,707
2,4,172,623
2,4,173,675
2,4,174,628
2,4,175,678
2,4,176,618
2,4,177,540
2,4,178,961
2,4,179,765
2,4,180,605
2,4,181,629
2,4,182,613
2,4,183,432
2,4,184,552
2,4,185,659
2,4,186,608
2,4,187,415
2,4,188,940
2,4,189,656
2,4,190,645
2,4,191,975
2,4,192,756
2,4,193,643
2,4,194,388
2,4,195,672
2,4,196,702
2,4,197,420
2,4,198,850
2,4,199,627
2,4,200,639
2,5,1,640
2,5,2,455
2,5,3,508
2,5,4,447
2,5,5,464
2,5,6,633
2,5,7,650
2,5,8,547
2,5,9,517
2,5,10,384
2,5,11,659
2,5,12,510
2,5,13,617
2,5,14,378
2,5,15,319
2,5,16,577
2,5,17,529
2,5,18,485
2,5,19,592
2,5,20,360
2,5,21,480
2,5,22,491
2,5,23,423
2,5,24,308
2,5,25,358
2,5,26,636
2,5,27,562
2,5,28,422
2,5,29,485
2,5,30,498
2,5,31,521
2,5,32,376
2,5,33,491
2,5,34,267
2,5,35,427
2,5,36,276
2,5,37,385
2,5,38,433
2,5,39,520
2,5,40,403
2,5,41,494
2,5,42,528
2,5,43,234
2,5,44,493
2,5,45,269
2,5,46,417
2,5,47,615
2,5,48,312
2,5,49,763
2,5,50,524
2,5,51,322
2,5,52,440
2,5,53,525
2,5,54,298
2,5,55,342
2,5,56,260
2,5,57,640
2,5,58,502
2,5,59,522
2,5,60,538
2,5,61,486
2,5,62,588
2,5,63,567
2,5,64,268
2,5,65,530
2,5,66,214
2,5,67,227
2,5,68,518
2,5,69,556
2,5,70,511
2,5,71,223
2,5,72,219
2,5,73,511
2,5,74,530
2,5,75,490
2,5,76,242
2,5,77,299
2,5,78,271
2,5,79,570
2,5,80,305
2,5,81,513
2,5,82,208
2,5,83,232
2,5,84,211
2,5,85,492
2,5,86,337
2,5,87,546
2,5,88,477
2,5,89,492
2,5,90,506
2,5,91,554
2,5,92,308
2,5,93,208
2,5,94,242
2,5,95,495
2,5,96,528
2,5,97,441
2,5,98,575
2,5,99,522
2,5,100,267
2,5,101,450
2,5,102,495
2,5,103,298
2,5,104,280
2,5,105,467
2,5,106,296
2,5,107,233
2,5,108,293
2,5,109,472
2,5,110,493
2,5,111,266
2,5,112,420
2,5,113,499
2,5,114,482
2,5,115,478
2,5,116,200
2,5,117,390
2,5,118,532
2,5,119,503
2,5,120,606
2,5,121,475
2,5,122,551
2,5,123,488
2,5,124,193
2,5,125,288
2,5,126,502
2,5,127,441
2,5,128,194
2,5,129,198
2,5,130,501
2,5,131,491
2,5,132,451
2,5,133,186
2,5,134,532
2,5,135,575
2,5,136,442
2,5,137,296
2,5,138,191
2,5,139,529
2,5,140,526
2,5,141,517
2,5,142,227
2,5,143,277
2,5,144,507
2,5,145,519
2,5,146,480
2,5,147,504
2,5,148,490
2,5,149,498
2,5,150,251
2,5,151,485
2,5,152,599
2,5,153,311
2,5,154,500
2,5,155,539
2,5,156,566
2,5,157,545
2,5,158,739
2,5,159,548
2,5,160,246
2,5,161,504
2,5,162,444
2,5,163,427
2,5,164,485
2,5,165,222
2,5,166,480
2,5,167,242
2,5,168,213
2,5,169,269
2,5,170,177
2,5,171,213
2,5,172,649
2,5,173,530
2,5,174,478
2,5,175,540
2,5,176,172
2,5,177,476
2,5,178,510
2,5,179,497
2,5,180,299
2,5,181,203
2,5,182,220
2,5,183,440
2,5,184,281
2,5,185,471
2,5,186,472
2,5,187,523
2,5,188,266
2,5,189,548
2,5,190,310
2,5,191,409
2,5,192,546
2,5,193,168
2,5,194,452
2,5,195,226
2,5,196,474
2,5,197,538
2,5,198,482
2,5,199,192
2,5,200,542
2,6,1,1157
2,6,2,777
2,6,3,1189
2,6,4,1273
2,6,5,1256
2,6,6,1221
2,6,7,1121
2,6,8,1147
2,6,9,1033
2,6,10,1144
2,6,11,752
2,6,12,1006
2,6,13,916
2,6,14,419
2,6,15,911
2,6,16,481
2,6,17,947
2,6,18,397
2,6,19,945
2,6,20,1043
2,6,21,915
2,6,22,662
2,6,23,517
2,6,24,1048
2,6,25,551
2,6,26,866
2,6,27,537
2,6,28,553
2,6,29,910
2,6,30,694
2,6,31,668
2,6,32,830
2,6,33,654
2,6,34,865
2,6,35,476
2,6,36,601
2,6,37,800
2,6,38,351
2,6,39,839
2,6,40,911
2,6,41,666
2,6,42,949
2,6,43,870
2,6,44,777
2,6,45,615
2,6,46,471
2,6,47,652
2,6,48,303
2,6,49,439
2,6,50,518
2,6,51,310
2,6,52,614
2,6,53,965
2,6,54,789
2,6,55,492
2,6,56,638
2,6,57,824
2,6,58,543
2,6,59,404
2,6,60,637
2,6,61,936
2,6,62,465
2,6,63,893
2,6,64,862
2,6,65,488
2,6,66,868
2,6,67,580
2,6,68,451
2,6,69,485
2,6,70,852
2,6,71,663
2,6,72,915
2,6,73,680
2,6,74,851
2,6,75,850
2,6,76,1143
2,6,77,247
2,6,78,817
2,6,79,606
2,6,80,803
2,6,81,722
2,6,82,680
2,6,83,816
2,6,84,618
2,6,85,850
2,6,86,325
2,6,87,611
2,6,88,498
2,6,89,978
2,6,90,656
2,6,91,519
2,6,92,304
2,6,93,866
2,6,94,552
2,6,95,799
2,6,96,613
2,6,97,454
2,6,98,542
2,6,99,469
2,6,100,666
2,6,101,339
2,6,102,774
2,6,103,434
2,6,104,828
2,6,105,598
2,6,106,260
2,6,107,815
2,6,108,402
2,6,109,836
2,6,110,438
2,6,111,805
2,6,112,527
2,6,113,508
2,6,114,499
2,6,115,860
2,6,116,611
2,6,117,270
2,6,118,844
2,6,119,845
2,6,120,570
2,6,121,811
2,6,122,630
2,6,123,581
2,6,124,817
2,6,125,829
2,6,126,853
2,6,127,373
2,6,128,669
2,6,129,827
2,6,130,547
2,6,131,844
2,6,132,550
2,6,133,817
2,6,134,456
2,6,135,688
2,6,136,349
2,6,137,315
2,6,138,874
2,6,139,593
2,6,140,672
2,6,141,490
2,6,142,846
2,6,143,475
2,6,144,375
2,6,145,619
2,6,146,515
2,6,147,487
2,6,148,773
2,6,149,549
2,6,150,921
2,6,151,668
2,6,152,498
2,6,153,248
2,6,154,857
2,6,155,371
2,6,156,357
2,6,157,504
2,6,158,454
2,6,159,383
2,6,160,858
2,6,161,459
2,6,162,353
2,6,163,444
2,6,164,679
2,6,165,866
2,6,166,529
2,6,167,698
2,6,168,827
2,6,169,338
2,6,170,900
2,6,171,594
2,6,172,468
2,6,173,314
2,6,174,397
2,6,175,342
2,6,176,608
2,6,177,622
2,6,178,899
2,6,179,1065
2,6,180,238
2,6,181,673
2,6,182,636
2,6,183,351
2,6,184,748
2,6,185,506
2,6,186,608
2,6,187,415
2,6,188,1002
2,6,189,549
2,6,190,244
2,6,191,249
2,6,192,370
2,6,193,749
2,6,194,376
2,6,195,918
2,6,196,666
2,6,197,532
2,6,198,740
2,6,199,584
2,6,200,530
2,7,1,1113
2,7,2,808
2,7,3,1218
2,7,4,1192
2,7,5,530
2,7,6,1282
2,7,7,1239
2,7,8,500
2,7,9,337
2,7,10,147
2,7,11,200
2,7,12,950
2,7,13,647
2,7,14,96
2,7,15,295
2,7,16,348
2,7,17,909
2,7,18,349
2,7,19,172
2,7,20,572
2,7,21,471
2,7,22,493
2,7,23,183
2,7,24,78
2,7,25,200
2,7,26,154
2,7,27,52
2,7,28,135
2,7,29,166
2,7,30,477
2,7,31,413
2,7,32,89
2,7,33,399
2,7,34,84
2,7,35,299
2,7,36,32
2,7,37,308
2,7,38,267
2,7,39,463
2,7,40,404
2,7,41,451
2,7,42,137
2,7,43,84
2,7,44,435
2,7,45,128
2,7,46,46
2,7,47,528
2,7,48,34
2,7,49,488
2,7,50,449
2,7,51,167
2,7,52,388
2,7,53,504
2,7,54,85
2,7,55,101
2,7,56,196
2,7,57,202
2,7,58,112
2,7,59,522
2,7,60,397
2,7,61,407
2,7,62,436
2,7,63,510
2,7,64,93
2,7,65,272
2,7,66,121
2,7,67,72
2,7,68,247
2,7,69,117
2,7,70,376
2,7,71,84
2,7,72,73
2,7,73,151
2,7,74,520
2,7,75,349
2,7,76,42
2,7,77,67
2,7,78,28
2,7,79,452
2,7,80,237
2,7,81,466
2,7,82,58
2,7,83,102
2,7,84,51
2,7,85,376
2,7,86,61
2,7,87,363
2,7,88,153
2,7,89,491
2,7,90,413
2,7,91,355
2,7,92,111
2,7,93,62
2,7,94,52
2,7,95,431
2,7,96,395
2,7,97,255
2,7,98,426
2,7,99,397
2,7,100,74
2,7,101,272
2,7,102,391
2,7,103,51
2,7,104,145
2,7,105,301
2,7,106,49
2,7,107,39
2,7,108,57
2,7,109,357
2,7,110,376
2,7,111,124
2,7,112,241
2,7,113,315
2,7,114,364
2,7,115,314
2,7,116,33
2,7,117,29
2,7,118,383
2,7,119,420
2,7,120,478
2,7,121,201
2,7,122,117
2,7,123,399
2,7,124,28
2,7,125,229
2,7,126,296
2,7,127,369
2,7,128,29
2,7,129,24
2,7,130,312
2,7,131,157
2,7,132,327
2,7,133,36
2,7,134,388
2,7,135,328
2,7,136,203
2,7,137,50
2,7,138,28
2,7,139,421
2,7,140,463
2,7,141,276
2,7,142,41
2,7,143,37
2,7,144,387
2,7,145,174
2,7,146,104
2,7,147,298
2,7,148,439
2,7,149,360
2,7,150,68
2,7,151,396
2,7,152,444
2,7,153,79
2,7,154,340
2,7,155,350
2,7,156,370
2,7,157,332
2,7,158,394
2,7,159,429
2,7,160,84
2,7,161,345
2,7,162,214
2,7,163,379
2,7,164,455
2,7,165,90
2,7,166,342
2,7,167,72
2,7,168,54
2,7,169,53
2,7,170,26
2,7,171,19
2,7,172,431
2,7,173,403
2,7,174,383
2,7,175,374
2,7,176,11
2,7,177,306
2,7,178,356
2,7,179,462
2,7,180,84
2,7,181,54
2,7,182,48
2,7,183,200
2,7,184,243
2,7,185,277
2,7,186,253
2,7,187,438
2,7,188,224
2,7,189,347
2,7,190,81
2,7,191,35
2,7,192,326
2,7,193,33
2,7,194,289
2,7,195,91
2,7,196,326
2,7,197,473
2,7,198,309
2,7,199,8
2,7,200,238
